<addon id="plugin.video.acestream_channels" version="1.2.7" name="AceStream Channels" provider-name="Gunter25">
    <extension point="xbmc.python.pluginsource" library="addon.py">
        <provides>video</provides>
    </extension>
    <requires>
        <import addon="xbmc.python" version="3.0.0"/>
    </requires>
    <extension point="xbmc.addon.metadata">
        <summary>Lista de canales AceStream</summary>
        <description>Un plugin sencillo para reproducir canales mediante enlaces AceStream. INFO: Este addon solo almacena enlaces ya existentes online, no se hace responsable de su difusión ni de su reproducción. Ningún material listado es propio de este addon.</description>
        <platform>all</platform>
        <assets><icon>icon.png</icon></assets> </extension>
</addon>