<window type="dialog" id="2000">
    <defaultcontrol always="true">1000</defaultcontrol>
    <animation effect="slide" start="0, 500" time="500" tween="quadratic" >WindowOpen</animation>
	<animation effect="fade" time="500">WindowClose</animation>
	
    <controls>

        <!-- Background image -->
        <control type="image" id="1">
            <posx></posx>
            <posy></posy>
            <width>1920</width>
            <height>1080</height>
            <texture>blue.jpg</texture>
            <aspectratio></aspectratio>
        </control>
        
        <!-- Cman image -->
        <control type="image" id="2">
            <posx>750</posx>
            <posy>600</posy>
            <width>400</width>
            <height>400</height>
            <texture>cman.png</texture>
            <aspectratio></aspectratio>
        </control>

        <!-- Textbox -->
        <control type="textbox" id="1000">
            <description>Message Box</description>
            <posx>500</posx>
            <posy>150</posy>
            <width>880</width>
            <height>400</height>
            <font>font13</font>
            <textcolor>white</textcolor>
            <align>center</align>
            <scrolltime>200</scrolltime>
        </control>

    </controls>
</window>