{
    "plot": {"infolabels": ["plot", "Property(artist_description)", "Property(album_description)", "addondescription", "Property(biography)"]},
    "year": {"infolabels": ["year", "Property(artist_yearsactive)"]},
    "birthday": {"infolabels": ["Property(birthday)", "Property(artist_born)"]},
    "deathday": {"infolabels": ["Property(deathday)", "Property(artist_died)"]},
    "studio": {"infolabels": ["studio"], "function": "split"},
    "genre": {"infolabels": ["genre"], "function": "split"},
    "director": {"infolabels": ["director"], "function": "split"},
    "writer": {"infolabels": ["writer"], "function": "split"},
    "rating": {"infolabels": ["userrating", "rating"]},
    "poster": {"infolabels": ["Art(poster)", "Art(season.poster)", "Art(tvshow.poster)"]},
    "fanart": {"infolabels": ["Art(fanart)", "Art(season.fanart)", "Art(tvshow.fanart)", "Art(artist.fanart)", "Property(fanart)"]},
    "thumb": {"infolabels": ["Art(thumb)", "Thumb", "Icon"]},
    "clearlogo": {"infolabels": ["Art(clearlogo)", "Art(season.clearlogo)", "Art(tvshow.clearlogo)", "Art(artist.clearlogo)"]}
}
