<?xml version="1.0" encoding="UTF-8"?>
<!-- Foundation -->
<window type="dialog" id="1118">
    <defaultcontrol always="true">9000</defaultcontrol>
    <controls>
        <include>Global_Overlay</include>
        <control type="group">
            <include content="Dialog_Standard_Group">
                <param name="width" value="1180" />
                <param name="height" value="832" />
            </include>

            <control type="label">
                <description>Header Label</description>
                <label>$LOCALIZE[31116]</label>
                <include>Dialog_Standard_Header</include>
            </control>

            <include content="Object_Control">
                <param name="control">image</param>
                <top>80</top>
                <height>1</height>
                <width>1130</width>
                <texture colordiffuse="dialog_fg_12">common/white.png</texture>
                <align>center</align>
                <left>25</left>
                <right>25</right>
            </include>

            <control type="grouplist" id="9000">
                <onright>61</onright>
                <description>Control Area</description>
                <width>780</width>
                <top>dialog_top</top>
                <height>702</height>
                <itemgap>0</itemgap>
                <pagecontrol>61</pagecontrol>
                <orientation>vertical</orientation>
                <usecontrolcoords>true</usecontrolcoords>
                <include content="Items_Dialog_RatingType" condition="String.IsEqual(Window(Home).Property(ConfigureRatingItem),Item01) + String.IsEqual(Window(Home).Property(ConfigureRatingContent),Movies)">
                    <param name="item">Item01</param>
                    <param name="content">Movies</param>
                </include>
                <include content="Items_Dialog_RatingType" condition="String.IsEqual(Window(Home).Property(ConfigureRatingItem),Item02) + String.IsEqual(Window(Home).Property(ConfigureRatingContent),Movies)">
                    <param name="item">Item02</param>
                    <param name="content">Movies</param>
                </include>
                <include content="Items_Dialog_RatingType" condition="String.IsEqual(Window(Home).Property(ConfigureRatingItem),Item03) + String.IsEqual(Window(Home).Property(ConfigureRatingContent),Movies)">
                    <param name="item">Item03</param>
                    <param name="content">Movies</param>
                </include>
                <include content="Items_Dialog_RatingType" condition="String.IsEqual(Window(Home).Property(ConfigureRatingItem),Item04) + String.IsEqual(Window(Home).Property(ConfigureRatingContent),Movies)">
                    <param name="item">Item04</param>
                    <param name="content">Movies</param>
                </include>
                <include content="Items_Dialog_RatingType" condition="String.IsEqual(Window(Home).Property(ConfigureRatingItem),Item05) + String.IsEqual(Window(Home).Property(ConfigureRatingContent),Movies)">
                    <param name="item">Item05</param>
                    <param name="content">Movies</param>
                </include>
                <include content="Items_Dialog_RatingType" condition="String.IsEqual(Window(Home).Property(ConfigureRatingItem),Item01) + String.IsEqual(Window(Home).Property(ConfigureRatingContent),TVShows)">
                    <param name="item">Item01</param>
                    <param name="content">TVShows</param>
                </include>
                <include content="Items_Dialog_RatingType" condition="String.IsEqual(Window(Home).Property(ConfigureRatingItem),Item02) + String.IsEqual(Window(Home).Property(ConfigureRatingContent),TVShows)">
                    <param name="item">Item02</param>
                    <param name="content">TVShows</param>
                </include>
                <include content="Items_Dialog_RatingType" condition="String.IsEqual(Window(Home).Property(ConfigureRatingItem),Item03) + String.IsEqual(Window(Home).Property(ConfigureRatingContent),TVShows)">
                    <param name="item">Item03</param>
                    <param name="content">TVShows</param>
                </include>
                <include content="Items_Dialog_RatingType" condition="String.IsEqual(Window(Home).Property(ConfigureRatingItem),Item04) + String.IsEqual(Window(Home).Property(ConfigureRatingContent),TVShows)">
                    <param name="item">Item04</param>
                    <param name="content">TVShows</param>
                </include>
                <include content="Items_Dialog_RatingType" condition="String.IsEqual(Window(Home).Property(ConfigureRatingItem),Item05) + String.IsEqual(Window(Home).Property(ConfigureRatingContent),TVShows)">
                    <param name="item">Item05</param>
                    <param name="content">TVShows</param>
                </include>
            </control>

            <include content="Dialog_Scrollbar">
                <param name="onleft" value="9000" />
            </include>


            <control type="group">
                <include>Dialog_Standard_Right_Group</include>
                <control type="grouplist" id="8000">
                    <onleft>61</onleft>
                    <orientation>vertical</orientation>
                    <itemgap>0</itemgap>
                    <control type="button" id="8001" description="Close">
                        <label>$LOCALIZE[15067]</label>
                        <onclick>Close</onclick>
                        <include>Dialog_Standard_Right_Buttons</include>
                    </control>
                </control>
            </control>
        </control>
    </controls>
</window>