<?xml version="1.0" encoding="UTF-8"?>
<includes>
    <variable name="Image_Background_Blur">
        <value condition="!String.IsEmpty(Container.ListItem.Art(fanart))">$INFO[Container.ListItem.Art(fanart)]</value>
        <value condition="!String.IsEmpty(Container.ListItem.Art(tvshow.fanart))">$INFO[Container.ListItem.Art(tvshow.fanart)]</value>
        <value condition="!String.IsEmpty(Container.ListItem.Art(artist.fanart))">$INFO[Container.ListItem.Art(artist.fanart)]</value>
        <value condition="!String.IsEmpty(Container(13101).ListItem.Art(fanart)) + Control.IsVisible(13101) + !Control.HasFocus(13101) + String.IsEmpty(Container(301).ListItem.Property(background)) + Control.HasFocus(301) + Window.IsVisible(Home)">$INFO[Container(13101).ListItem.Art(fanart)]</value>
        <value condition="!String.IsEmpty(Container(23101).ListItem.Art(fanart)) + Control.IsVisible(23101) + !Control.HasFocus(23101) + String.IsEmpty(Container(301).ListItem.Property(background)) + Control.HasFocus(301) + Window.IsVisible(Home)">$INFO[Container(23101).ListItem.Art(fanart)]</value>
        <value condition="!String.IsEmpty(Container(33101).ListItem.Art(fanart)) + Control.IsVisible(33101) + !Control.HasFocus(33101) + String.IsEmpty(Container(301).ListItem.Property(background)) + Control.HasFocus(301) + Window.IsVisible(Home)">$INFO[Container(33101).ListItem.Art(fanart)]</value>
        <value condition="!String.IsEmpty(Container(43101).ListItem.Art(fanart)) + Control.IsVisible(43101) + !Control.HasFocus(43101) + String.IsEmpty(Container(301).ListItem.Property(background)) + Control.HasFocus(301) + Window.IsVisible(Home)">$INFO[Container(43101).ListItem.Art(fanart)]</value>
        <value condition="!String.IsEmpty(Container(53101).ListItem.Art(fanart)) + Control.IsVisible(53101) + !Control.HasFocus(53101) + String.IsEmpty(Container(301).ListItem.Property(background)) + Control.HasFocus(301) + Window.IsVisible(Home)">$INFO[Container(53101).ListItem.Art(fanart)]</value>
        <value condition="!String.IsEmpty(Container(63101).ListItem.Art(fanart)) + Control.IsVisible(63101) + !Control.HasFocus(63101) + String.IsEmpty(Container(301).ListItem.Property(background)) + Control.HasFocus(301) + Window.IsVisible(Home)">$INFO[Container(63101).ListItem.Art(fanart)]</value>
        <value condition="!String.IsEmpty(Container(73101).ListItem.Art(fanart)) + Control.IsVisible(73101) + !Control.HasFocus(73101) + String.IsEmpty(Container(301).ListItem.Property(background)) + Control.HasFocus(301) + Window.IsVisible(Home)">$INFO[Container(73101).ListItem.Art(fanart)]</value>
        <value condition="!String.IsEmpty(Container(83101).ListItem.Art(fanart)) + Control.IsVisible(83101) + !Control.HasFocus(83101) + String.IsEmpty(Container(301).ListItem.Property(background)) + Control.HasFocus(301) + Window.IsVisible(Home)">$INFO[Container(83101).ListItem.Art(fanart)]</value>
        <value condition="!String.IsEmpty(Container(93101).ListItem.Art(fanart)) + Control.IsVisible(93101) + !Control.HasFocus(93101) + String.IsEmpty(Container(301).ListItem.Property(background)) + Control.HasFocus(301) + Window.IsVisible(Home)">$INFO[Container(93101).ListItem.Art(fanart)]</value>
        <value condition="!String.IsEmpty(Container(993100).ListItem.Art(fanart)) + Control.IsVisible(993100) + !Control.HasFocus(993100) + String.IsEmpty(Container(301).ListItem.Property(background)) + Control.HasFocus(301) + Window.IsVisible(Home)">$INFO[Container(993100).ListItem.Art(fanart)]</value>
        <value condition="!String.IsEmpty(Skin.String(fanart.fallback))">$INFO[Skin.String(fanart.fallback)]</value>
        <value>special://skin/extras/backgrounds/bg2.jpg</value>
    </variable>

    <variable name="Image_Foreground">
        <value condition="!String.IsEmpty(Container.ListItem.Art(fanart))">$INFO[Container.ListItem.Art(fanart)]</value>
        <value condition="!String.IsEmpty(Container.ListItem.Art(tvshow.fanart))">$INFO[Container.ListItem.Art(tvshow.fanart)]</value>
        <value condition="!String.IsEmpty(Container.ListItem.Art(artist.fanart))">$INFO[Container.ListItem.Art(artist.fanart)]</value>
        <value condition="!String.IsEmpty(Container.ListItem.Property(fanart))">$INFO[Container.ListItem.Property(fanart)]</value>
        <value condition="!String.IsEmpty(Container(13101).ListItem.Art(fanart)) + Control.IsVisible(13101) + !Control.HasFocus(13101) + String.IsEmpty(Container(301).ListItem.Property(background)) + Control.HasFocus(301) + Window.IsVisible(Home)">$INFO[Container(13101).ListItem.Art(fanart)]</value>
        <value condition="!String.IsEmpty(Container(23101).ListItem.Art(fanart)) + Control.IsVisible(23101) + !Control.HasFocus(23101) + String.IsEmpty(Container(301).ListItem.Property(background)) + Control.HasFocus(301) + Window.IsVisible(Home)">$INFO[Container(23101).ListItem.Art(fanart)]</value>
        <value condition="!String.IsEmpty(Container(33101).ListItem.Art(fanart)) + Control.IsVisible(33101) + !Control.HasFocus(33101) + String.IsEmpty(Container(301).ListItem.Property(background)) + Control.HasFocus(301) + Window.IsVisible(Home)">$INFO[Container(33101).ListItem.Art(fanart)]</value>
        <value condition="!String.IsEmpty(Container(43101).ListItem.Art(fanart)) + Control.IsVisible(43101) + !Control.HasFocus(43101) + String.IsEmpty(Container(301).ListItem.Property(background)) + Control.HasFocus(301) + Window.IsVisible(Home)">$INFO[Container(43101).ListItem.Art(fanart)]</value>
        <value condition="!String.IsEmpty(Container(53101).ListItem.Art(fanart)) + Control.IsVisible(53101) + !Control.HasFocus(53101) + String.IsEmpty(Container(301).ListItem.Property(background)) + Control.HasFocus(301) + Window.IsVisible(Home)">$INFO[Container(53101).ListItem.Art(fanart)]</value>
        <value condition="!String.IsEmpty(Container(63101).ListItem.Art(fanart)) + Control.IsVisible(63101) + !Control.HasFocus(63101) + String.IsEmpty(Container(301).ListItem.Property(background)) + Control.HasFocus(301) + Window.IsVisible(Home)">$INFO[Container(63101).ListItem.Art(fanart)]</value>
        <value condition="!String.IsEmpty(Container(73101).ListItem.Art(fanart)) + Control.IsVisible(73101) + !Control.HasFocus(73101) + String.IsEmpty(Container(301).ListItem.Property(background)) + Control.HasFocus(301) + Window.IsVisible(Home)">$INFO[Container(73101).ListItem.Art(fanart)]</value>
        <value condition="!String.IsEmpty(Container(83101).ListItem.Art(fanart)) + Control.IsVisible(83101) + !Control.HasFocus(83101) + String.IsEmpty(Container(301).ListItem.Property(background)) + Control.HasFocus(301) + Window.IsVisible(Home)">$INFO[Container(83101).ListItem.Art(fanart)]</value>
        <value condition="!String.IsEmpty(Container(93101).ListItem.Art(fanart)) + Control.IsVisible(93101) + !Control.HasFocus(93101) + String.IsEmpty(Container(301).ListItem.Property(background)) + Control.HasFocus(301) + Window.IsVisible(Home)">$INFO[Container(93101).ListItem.Art(fanart)]</value>
        <value condition="!String.IsEmpty(Container(993100).ListItem.Art(fanart)) + Control.IsVisible(993100) + !Control.HasFocus(993100) + String.IsEmpty(Container(301).ListItem.Property(background)) + Control.HasFocus(301) + Window.IsVisible(Home)">$INFO[Container(993100).ListItem.Art(fanart)]</value>
        <value condition="!String.IsEmpty(Skin.String(fanart.fallback))">$INFO[Skin.String(fanart.fallback)]</value>
        <value>special://skin/extras/backgrounds/bg2.jpg</value>
    </variable>
</includes>