<?xml version="1.0" encoding="UTF-8" standalone="yes"?>
<addon id="plugin.video.dlv2" name="DaddyLive V2" version="1.0.1" provider-name="X">
  <requires>
    <import addon="xbmc.python" version="3.0.0" />
    <import addon="script.module.requests" />
    <import addon="script.module.beautifulsoup4" />
    <import addon="inputstream.ffmpegdirect" />
    <import addon="script.module.pytz" />
    <import addon="script.module.tzlocal" />
  </requires>
  <extension point="xbmc.python.pluginsource" library="default.py">
    <provides>video</provides>
  </extension>
  <extension point="xbmc.service" library="service.py" />
  <extension point="xbmc.addon.metadata">
    <assets>
      <icon>icon.png</icon>
      <fanart>fanart.jpg</fanart>
      <screenshot>screen1.jpg</screenshot>
      <screenshot>screen2.jpg</screenshot>
      <screenshot>screen3.jpg</screenshot>
    </assets>
    <summary lang="en_GB">The X</summary>
	<description lang="en_GB">In memory of Cman 1972 - 2025. Gofundme: https://gofund.me/3c941c426. All proceeds going directly to Cman's family to help with expenses. 1.0.1 - Added notifications window. Added option for 24-hour time format in settings. Brightened up the menus. Resolver fix. 1.0.0 - Added search function.  Added schedule refresh. Added cache schedule and channels on Kodi startup. 0.3.0 - Minor bugfix and code cleanup. 0.2.9 - Fix Schedule. 0.2.8 - Resolver fix. 0.2.7 - Fix Schedule. 0.2.6 - Resolver fix. 0.2.5 - Added extra error handling. Force http to hopefully prevent ssl error. Some code cleanup.  v0.2.4 - Resolver fix. v0.2.3 - Updated to use new api. v0.2.2 - Changed favourites file path to prevent favourites deleting when addon updates. Added autoplay option in settings.  Added new api for channels from Daddylive which includes more channels! v0.2.1 - Fix some resolvers. Added extra players. v0.2.0 - Added favourite channels. Add/remove a channel via context menu. Added toggle timeshift on/off in settings. Timeshift enables pause and rewind but requires available storage. New code framework.</description>
    <platform>all</platform>
    <language>en</language>
    <license>GPL-2.0-or-later</license>
  </extension>
</addon>
