<?xml version="1.0" encoding="UTF-8" standalone="yes"?>
<addon id="repository.krae"
       name="Repositorio KRAE"
       version="1.0.0"
       provider-name="Whoisnoze">

    <extension point="xbmc.addon.repository">
        <dir minversion="19.0.0">
            <info compressed="false">https://whoisnoze.github.io/Repository.KRAE/addons.xml</info>
            <checksum>https://whoisnoze.github.io/Repository.KRAE/addons.xml.md5</checksum>
            <datadir zip="false">https://whoisnoze.github.io/Repository.KRAE/</datadir>
        </dir>
    </extension>

    <extension point="xbmc.addon.metadata">
        <summary lang="es">Repositorio oficial KRAE</summary>
        <description lang="es">Repositorio oficial KRAE con addons de video</description>
        <platform>all</platform>
        <assets>
            <icon>icon.png</icon>
        </assets>
    </extension>

</addon>